timestamp,open,high,low,close,volume
2020-01-01T00:00:00Z,99.417600,100.481400,99.030200,100.000000,3551417.000000
2020-01-02T00:00:00Z,99.491300,99.558500,99.142600,99.313800,2492058.000000
2020-01-03T00:00:00Z,99.273100,101.209800,97.642400,100.778400,3006846.000000
2020-01-06T00:00:00Z,101.175000,102.279900,99.426000,99.596000,2725698.000000
2020-01-07T00:00:00Z,100.767900,101.046900,98.235500,99.234300,2440059.000000
2020-01-08T00:00:00Z,99.617100,100.598500,99.087800,100.181800,1900412.000000
2020-01-09T00:00:00Z,99.993700,104.102700,99.976300,102.594700,2284318.000000
2020-01-10T00:00:00Z,102.634000,104.102100,101.708300,102.953700,2276790.000000
2020-01-13T00:00:00Z,103.694800,107.265600,101.983400,104.811500,2767251.000000
2020-01-14T00:00:00Z,104.668300,105.050300,103.436100,103.471400,4241802.000000
2020-01-15T00:00:00Z,103.474800,105.319300,101.484700,102.176900,5516312.000000
2020-01-16T00:00:00Z,102.495600,103.979600,102.358900,102.915900,7555084.000000
2020-01-17T00:00:00Z,102.190700,102.350500,100.171500,101.801400,2346118.000000
2020-01-20T00:00:00Z,101.833400,102.689000,100.266100,102.036700,3412999.000000
2020-01-21T00:00:00Z,102.243300,103.255600,99.894800,100.494800,3090994.000000
2020-01-22T00:00:00Z,99.965400,103.306700,98.836000,99.106400,3029516.000000
2020-01-23T00:00:00Z,98.690200,102.053500,97.095500,100.478500,3244294.000000
2020-01-24T00:00:00Z,99.779500,100.078600,99.122000,99.907600,4677432.000000
2020-01-27T00:00:00Z,100.186400,100.719400,99.065700,99.699700,3534516.000000
2020-01-28T00:00:00Z,99.765200,100.340100,97.803700,98.420800,5537706.000000
2020-01-29T00:00:00Z,98.127500,100.465200,97.790700,98.762100,3173529.000000
2020-01-30T00:00:00Z,99.597400,100.758600,98.651000,100.390700,3915041.000000
2020-01-31T00:00:00Z,100.460800,102.297700,100.377500,102.008700,2907012.000000
2020-02-03T00:00:00Z,101.342000,102.094400,100.843900,101.576900,2653942.000000
2020-02-04T00:00:00Z,101.527900,104.933500,100.983000,103.649000,4647804.000000
2020-02-05T00:00:00Z,102.795000,104.583700,102.593400,103.575900,3188103.000000
2020-02-06T00:00:00Z,103.339900,105.430400,101.017300,102.573700,3147619.000000
2020-02-07T00:00:00Z,101.754200,103.610400,101.699400,103.058500,2177795.000000
2020-02-10T00:00:00Z,103.186800,105.706500,103.103300,104.014100,2833759.000000
2020-02-11T00:00:00Z,104.434800,104.830400,102.518500,103.198100,1932268.000000
2020-02-12T00:00:00Z,102.887700,103.573400,102.855100,103.178900,4227232.000000
2020-02-13T00:00:00Z,102.098200,104.244200,101.176500,104.081600,2980521.000000
2020-02-14T00:00:00Z,104.150800,105.975900,102.035300,104.627100,2524540.000000
2020-02-17T00:00:00Z,106.121400,109.302600,105.748200,106.481900,4567355.000000
2020-02-18T00:00:00Z,106.133700,107.195000,106.028000,106.170500,3262668.000000
2020-02-19T00:00:00Z,106.061300,111.586300,105.969200,110.220300,4291367.000000
2020-02-20T00:00:00Z,109.678200,113.334800,109.260500,110.323700,2547044.000000
2020-02-21T00:00:00Z,110.332500,111.082600,108.276200,110.366600,2938789.000000
2020-02-24T00:00:00Z,110.304700,110.601500,108.964400,109.409600,3851497.000000
2020-02-25T00:00:00Z,108.844200,110.185100,108.255700,109.849400,2956961.000000
2020-02-26T00:00:00Z,109.172900,110.438700,108.045100,109.029000,3089009.000000
2020-02-27T00:00:00Z,108.879500,110.211800,108.798200,109.980300,4008674.000000
2020-02-28T00:00:00Z,109.564800,111.619200,108.833800,111.134200,1967555.000000
2020-03-02T00:00:00Z,110.081300,112.512800,109.872500,111.959900,3130732.000000
2020-03-03T00:00:00Z,112.979800,114.044300,110.750000,111.302300,3005696.000000
2020-03-04T00:00:00Z,110.782100,111.078500,108.533400,109.541500,3401444.000000
2020-03-05T00:00:00Z,110.333400,111.673400,110.098500,111.568600,3578700.000000
2020-03-06T00:00:00Z,111.400400,111.965800,109.569400,111.708700,3392931.000000
2020-03-09T00:00:00Z,111.023900,112.909300,109.749700,111.368300,5312123.000000
2020-03-10T00:00:00Z,110.971600,113.992800,110.631300,112.536200,2414145.000000
2020-03-11T00:00:00Z,112.340900,113.463000,109.383500,111.217800,1838186.000000
2020-03-12T00:00:00Z,111.116500,113.139600,111.006700,111.925700,2640780.000000
2020-03-13T00:00:00Z,111.641100,114.324600,111.461500,113.690100,3530835.000000
2020-03-16T00:00:00Z,114.155200,114.464400,113.354000,113.580900,4211433.000000
2020-03-17T00:00:00Z,113.570500,113.784200,111.777300,112.441600,2329263.000000
2020-03-18T00:00:00Z,112.218800,114.749100,110.604100,114.216500,2493476.000000
2020-03-19T00:00:00Z,114.620300,115.125500,112.631600,115.054900,2206852.000000
2020-03-20T00:00:00Z,115.189100,115.853000,111.851800,113.306000,3724541.000000
2020-03-23T00:00:00Z,113.138000,113.596800,112.454900,112.459600,1188916.000000
2020-03-24T00:00:00Z,112.004100,116.196700,110.673300,115.739000,1926074.000000
2020-03-25T00:00:00Z,115.776000,119.177800,114.785700,117.266200,3359460.000000
2020-03-26T00:00:00Z,116.330200,120.533100,115.245200,118.937700,3687109.000000
2020-03-27T00:00:00Z,117.005200,119.808800,116.524900,119.142200,2636709.000000
2020-03-30T00:00:00Z,119.797600,120.850000,119.721500,120.321600,3195459.000000
2020-03-31T00:00:00Z,120.278300,123.203700,119.058900,122.327800,2183903.000000
2020-04-01T00:00:00Z,121.252700,121.552400,119.802000,119.938600,1728606.000000
2020-04-02T00:00:00Z,119.798400,121.328100,113.759600,116.426800,4419624.000000
2020-04-03T00:00:00Z,116.353900,119.538500,115.650700,119.356400,2458436.000000
2020-04-06T00:00:00Z,119.710400,121.119300,119.497300,120.768800,3439210.000000
2020-04-07T00:00:00Z,120.952000,120.972000,120.279700,120.834400,4179276.000000
2020-04-08T00:00:00Z,121.256900,122.330200,119.722600,119.835600,3362531.000000
2020-04-09T00:00:00Z,120.132900,121.778400,118.400700,121.271300,2897133.000000
2020-04-10T00:00:00Z,122.024400,124.892400,118.800700,124.877700,5032678.000000
2020-04-13T00:00:00Z,124.469300,126.449200,123.248200,125.145600,3389363.000000
2020-04-14T00:00:00Z,124.909000,125.683100,124.306800,125.378200,3864773.000000
2020-04-15T00:00:00Z,126.254800,127.234600,124.537500,125.568000,2577742.000000
2020-04-16T00:00:00Z,123.752500,124.980800,122.164000,123.756800,3038380.000000
2020-04-17T00:00:00Z,124.187400,126.224300,122.685800,124.528700,3541714.000000
2020-04-20T00:00:00Z,124.749100,126.877700,123.286700,126.784400,2673912.000000
2020-04-21T00:00:00Z,127.476600,127.734100,126.082100,126.640600,2929409.000000
2020-04-22T00:00:00Z,125.997200,126.090700,124.787000,125.723300,2823416.000000
2020-04-23T00:00:00Z,125.649600,126.638700,122.213700,124.686100,3302650.000000
2020-04-24T00:00:00Z,123.371100,126.084400,121.959800,125.674900,2549657.000000
2020-04-27T00:00:00Z,125.302400,125.382100,122.985000,123.985800,1816615.000000
2020-04-28T00:00:00Z,124.114300,126.281500,122.808600,124.029900,2434996.000000
2020-04-29T00:00:00Z,124.288600,126.919700,123.422000,125.701100,3007734.000000
2020-04-30T00:00:00Z,125.845400,126.389200,123.568200,124.024500,1623430.000000
2020-05-01T00:00:00Z,123.993200,124.695400,121.115800,123.176700,3313753.000000
2020-05-04T00:00:00Z,123.657300,124.847400,120.992600,121.957200,3264147.000000
2020-05-05T00:00:00Z,123.144800,125.155300,123.076200,123.450900,3508273.000000
2020-05-06T00:00:00Z,123.207900,126.546000,122.355400,125.248200,4305185.000000
2020-05-07T00:00:00Z,125.094800,125.942500,122.235400,122.915800,3464882.000000
2020-05-08T00:00:00Z,122.528800,127.846800,121.039700,125.836400,2269057.000000
2020-05-11T00:00:00Z,126.760500,127.752000,122.817700,124.226300,1327168.000000
2020-05-12T00:00:00Z,123.741400,124.723100,118.190600,120.437000,1871152.000000
2020-05-13T00:00:00Z,120.937000,121.056900,118.221400,120.319500,3265668.000000
2020-05-14T00:00:00Z,121.547100,123.480800,119.097900,119.317200,3063837.000000
2020-05-15T00:00:00Z,119.202000,124.754700,116.556800,122.867600,3426262.000000
2020-05-18T00:00:00Z,123.695300,123.787300,120.201300,121.090100,1825778.000000
2020-05-19T00:00:00Z,121.473200,121.637200,119.057900,119.949200,4495027.000000
2020-05-20T00:00:00Z,119.191200,119.576000,117.815700,118.033700,4084857.000000
2020-05-21T00:00:00Z,118.001200,120.717000,117.650000,119.722400,3310418.000000
2020-05-22T00:00:00Z,119.318300,123.944900,118.725600,122.129900,3752246.000000
2020-05-25T00:00:00Z,122.838000,123.094900,121.987300,122.464600,3145063.000000
2020-05-26T00:00:00Z,121.559200,123.817400,120.319100,120.636800,2753216.000000
2020-05-27T00:00:00Z,120.136900,120.352500,117.670200,118.595400,2152906.000000
2020-05-28T00:00:00Z,118.914200,119.262900,117.291700,118.800900,2904297.000000
2020-05-29T00:00:00Z,117.913600,121.609800,116.309800,120.296100,3979846.000000
2020-06-01T00:00:00Z,121.044300,121.066800,118.198900,118.857700,3036230.000000
2020-06-02T00:00:00Z,118.529100,120.977400,118.491900,119.351500,5518007.000000
2020-06-03T00:00:00Z,119.732200,121.839300,117.698000,119.515000,2271376.000000
2020-06-04T00:00:00Z,119.312900,121.839700,118.565000,121.711600,4378697.000000
2020-06-05T00:00:00Z,120.731200,122.300000,119.706800,120.869600,2477903.000000
2020-06-08T00:00:00Z,120.434800,122.232100,118.561600,119.343400,2296216.000000
2020-06-09T00:00:00Z,119.677000,120.929900,115.270200,116.111100,2919853.000000
2020-06-10T00:00:00Z,115.537200,117.929900,115.199300,117.210000,2978989.000000
2020-06-11T00:00:00Z,117.202600,117.447300,115.466400,116.043100,3633335.000000
2020-06-12T00:00:00Z,116.524300,116.660100,115.257100,115.399900,1831283.000000
2020-06-15T00:00:00Z,114.458700,115.144100,114.458200,114.752300,2080741.000000
2020-06-16T00:00:00Z,115.193800,117.048700,114.554800,116.413500,3236128.000000
2020-06-17T00:00:00Z,115.836200,116.959400,114.973200,116.372500,2701043.000000
2020-06-18T00:00:00Z,116.142600,117.786500,113.958000,114.668600,4749556.000000
2020-06-19T00:00:00Z,115.005100,118.181600,114.107600,118.163600,2420749.000000
2020-06-22T00:00:00Z,118.366800,119.772300,116.910600,118.063900,2661590.000000
2020-06-23T00:00:00Z,117.071100,118.830100,116.975200,117.863600,4271011.000000
2020-06-24T00:00:00Z,117.914200,121.112400,116.133400,120.554100,2976325.000000
2020-06-25T00:00:00Z,119.430500,120.280400,118.958900,119.844900,3666138.000000
2020-06-26T00:00:00Z,120.440000,122.210100,118.437400,119.018200,2561090.000000
2020-06-29T00:00:00Z,119.117700,121.065300,118.489700,119.146200,4047900.000000
2020-06-30T00:00:00Z,118.637100,118.682200,114.239400,116.060100,5665943.000000
2020-07-01T00:00:00Z,115.753300,117.254900,115.636800,116.540900,2950050.000000
2020-07-02T00:00:00Z,116.932000,119.782700,116.689000,119.087900,3223892.000000
2020-07-03T00:00:00Z,119.369100,122.184800,116.286600,120.898400,3556128.000000
2020-07-06T00:00:00Z,121.022800,123.183200,118.417800,118.477900,2200924.000000
2020-07-07T00:00:00Z,118.894100,119.219200,115.094400,116.085100,4305563.000000
2020-07-08T00:00:00Z,116.474500,117.754200,112.874100,114.262000,3621877.000000
2020-07-09T00:00:00Z,115.076900,117.601700,113.466100,117.028900,2736115.000000
2020-07-10T00:00:00Z,116.629000,116.856000,113.501400,114.454300,4966518.000000
2020-07-13T00:00:00Z,113.997900,115.267900,113.365900,114.129600,2852703.000000
2020-07-14T00:00:00Z,114.147200,115.288900,112.760000,115.174900,2785432.000000
2020-07-15T00:00:00Z,114.650500,116.314700,111.072600,115.333000,3167419.000000
2020-07-16T00:00:00Z,115.826900,116.637100,115.666700,116.545200,6091836.000000
2020-07-17T00:00:00Z,117.413300,117.964500,116.027700,116.774300,3128927.000000
2020-07-20T00:00:00Z,117.116100,117.531600,115.824200,115.933600,1862755.000000
2020-07-21T00:00:00Z,115.183300,115.515600,112.767400,114.176400,4504015.000000
2020-07-22T00:00:00Z,114.302000,116.496700,113.896500,114.175900,1945273.000000
2020-07-23T00:00:00Z,113.692900,114.080400,112.506000,114.023900,2985645.000000
2020-07-24T00:00:00Z,113.835400,115.827500,113.525700,115.029500,3204638.000000
2020-07-27T00:00:00Z,114.511400,116.578700,112.414200,116.258100,2443145.000000
2020-07-28T00:00:00Z,115.832100,116.780100,114.869600,116.184200,2134298.000000
2020-07-29T00:00:00Z,116.342000,116.453100,115.377900,116.223600,3347478.000000
2020-07-30T00:00:00Z,116.368200,117.562300,114.399900,115.418700,2898047.000000
2020-07-31T00:00:00Z,114.852500,115.603700,113.480500,114.035300,2889564.000000
2020-08-03T00:00:00Z,113.939700,114.569800,112.046700,113.186500,3322689.000000
2020-08-04T00:00:00Z,113.767400,113.816700,111.895500,112.628600,2480268.000000
2020-08-05T00:00:00Z,111.685800,112.402100,109.821900,111.589700,3712996.000000
2020-08-06T00:00:00Z,111.683500,111.805600,107.552800,108.143500,4640793.000000
2020-08-07T00:00:00Z,108.705000,112.480700,108.102500,110.657300,2492129.000000
2020-08-10T00:00:00Z,110.002000,110.860300,108.809100,110.778100,3881670.000000
2020-08-11T00:00:00Z,110.766600,111.456800,108.054000,108.834300,2821312.000000
2020-08-12T00:00:00Z,108.863800,110.669400,107.751600,110.267200,2315789.000000
2020-08-13T00:00:00Z,109.931700,117.363300,109.520700,114.923700,2357851.000000
2020-08-14T00:00:00Z,114.913100,116.368600,114.616800,114.838000,3726074.000000
2020-08-17T00:00:00Z,115.519200,116.608200,112.328900,112.901100,5178022.000000
2020-08-18T00:00:00Z,113.693900,114.465400,111.983200,112.129900,2648831.000000
2020-08-19T00:00:00Z,111.316900,112.095000,110.454500,110.806500,1771974.000000
2020-08-20T00:00:00Z,110.565000,111.343800,106.924800,107.891600,1847468.000000
2020-08-21T00:00:00Z,108.078300,109.414300,107.289600,107.565900,3998082.000000
2020-08-24T00:00:00Z,108.009000,109.699000,106.512200,108.811000,3564826.000000
2020-08-25T00:00:00Z,108.523400,109.952900,106.843200,109.839400,4714715.000000
2020-08-26T00:00:00Z,110.352500,112.664900,106.364500,106.663100,2756535.000000
2020-08-27T00:00:00Z,106.594400,109.035300,105.229400,107.829200,4039823.000000
2020-08-28T00:00:00Z,108.657300,108.992700,107.443700,108.120200,1466948.000000
2020-08-31T00:00:00Z,108.216900,108.410300,105.363700,107.113500,2479344.000000
2020-09-01T00:00:00Z,107.280800,110.085700,106.364900,109.605000,3648409.000000
2020-09-02T00:00:00Z,108.942700,110.122400,108.073800,109.502200,2773416.000000
2020-09-03T00:00:00Z,109.439700,110.706300,106.792700,107.269800,3555884.000000
2020-09-04T00:00:00Z,107.244500,109.808100,107.046700,108.631500,4961160.000000
2020-09-07T00:00:00Z,107.829100,109.444400,107.139100,107.786400,2756183.000000
2020-09-08T00:00:00Z,107.022300,108.073000,105.361200,107.351300,1619028.000000
2020-09-09T00:00:00Z,106.960100,107.834600,106.683400,107.648400,2817505.000000
2020-09-10T00:00:00Z,108.239700,108.440500,106.181600,106.200700,3778241.000000
2020-09-11T00:00:00Z,107.040300,107.157000,105.313300,105.598000,1923980.000000
2020-09-14T00:00:00Z,105.105100,107.184600,104.693100,106.198200,2656810.000000
2020-09-15T00:00:00Z,105.633400,107.995900,105.253800,107.242700,3098259.000000
2020-09-16T00:00:00Z,107.354300,107.562800,103.673600,104.664900,3770505.000000
2020-09-17T00:00:00Z,104.811300,105.829700,104.518400,105.306900,2332767.000000
2020-09-18T00:00:00Z,106.091300,106.874300,103.163800,104.479900,3333720.000000
2020-09-21T00:00:00Z,103.688500,105.105300,102.873800,104.167000,2397369.000000
2020-09-22T00:00:00Z,104.813700,105.209400,104.335400,104.445700,5206303.000000
2020-09-23T00:00:00Z,104.614300,106.959000,104.509500,105.617800,4221103.000000
2020-09-24T00:00:00Z,105.018900,105.379900,102.891300,103.950100,4109256.000000
2020-09-25T00:00:00Z,103.902600,104.429400,102.692400,103.184100,2614707.000000
2020-09-28T00:00:00Z,102.745200,105.330700,101.300200,104.653200,2961344.000000
2020-09-29T00:00:00Z,104.859100,106.055600,103.590800,103.905800,3260094.000000
2020-09-30T00:00:00Z,103.158000,104.285400,102.414400,103.579500,5228030.000000
2020-10-01T00:00:00Z,104.002700,104.024000,103.318900,103.417800,2191686.000000
2020-10-02T00:00:00Z,102.565400,107.078400,102.179700,105.513400,2326834.000000
2020-10-05T00:00:00Z,105.321100,109.132400,104.615200,107.159500,3266002.000000
2020-10-06T00:00:00Z,107.503200,109.108000,105.564000,108.532800,3016250.000000
2020-10-07T00:00:00Z,108.806700,109.518100,107.475600,107.771500,1998806.000000
2020-10-08T00:00:00Z,107.690900,108.903300,106.269900,106.812500,4406754.000000
2020-10-09T00:00:00Z,106.027000,106.264500,104.808700,105.128500,3410732.000000
2020-10-12T00:00:00Z,104.346100,105.041600,103.059600,103.568800,1932135.000000
2020-10-13T00:00:00Z,103.745800,104.571800,102.511900,103.859900,3054357.000000
2020-10-14T00:00:00Z,102.817800,106.272000,102.177200,105.092700,2399989.000000
2020-10-15T00:00:00Z,105.139400,105.601800,102.606700,104.247800,3363375.000000
2020-10-16T00:00:00Z,103.735500,104.652200,102.915000,103.827900,3295192.000000
2020-10-19T00:00:00Z,102.801500,103.702300,99.479700,101.757400,2972471.000000
2020-10-20T00:00:00Z,101.994600,103.081100,100.076100,100.257500,2978087.000000
2020-10-21T00:00:00Z,100.044800,100.092500,98.834300,99.871100,3901230.000000
2020-10-22T00:00:00Z,100.472700,100.876100,99.909100,100.554300,3285288.000000
2020-10-23T00:00:00Z,100.694500,101.375700,98.236900,98.471800,2802720.000000
2020-10-26T00:00:00Z,98.728500,98.854600,98.513300,98.611300,2002150.000000
2020-10-27T00:00:00Z,98.680100,100.122200,98.065000,98.690500,3293202.000000
2020-10-28T00:00:00Z,97.755100,100.693200,97.304700,100.435900,6285590.000000
2020-10-29T00:00:00Z,100.299300,100.667900,99.255000,99.507600,2787664.000000
2020-10-30T00:00:00Z,99.866700,100.184900,96.355300,98.358200,3082925.000000
2020-11-02T00:00:00Z,97.857400,98.660100,97.641500,98.548600,2308863.000000
2020-11-03T00:00:00Z,99.162800,100.761700,98.151800,100.205300,1641954.000000
2020-11-04T00:00:00Z,100.177800,102.008200,98.655600,99.363300,2823499.000000
2020-11-05T00:00:00Z,98.601500,98.989400,97.614000,98.267000,5682503.000000
2020-11-06T00:00:00Z,99.104100,99.254600,93.951600,96.290100,2396891.000000
2020-11-09T00:00:00Z,97.118000,98.562400,94.431100,95.172300,3429730.000000
2020-11-10T00:00:00Z,95.241100,95.359100,92.742400,94.762000,2806949.000000
2020-11-11T00:00:00Z,94.167200,95.138700,93.841900,93.848600,4357700.000000
2020-11-12T00:00:00Z,93.922100,96.903500,92.633300,94.995300,5041658.000000
2020-11-13T00:00:00Z,95.059900,96.195300,94.099900,95.609500,3336975.000000
2020-11-16T00:00:00Z,96.380600,98.521800,92.850100,93.074800,2540481.000000
2020-11-17T00:00:00Z,92.842900,96.078800,92.579800,95.302500,4386310.000000
2020-11-18T00:00:00Z,94.699200,97.318000,93.259200,97.280700,2745889.000000
2020-11-19T00:00:00Z,97.620200,98.256000,96.764000,97.713900,2860451.000000
2020-11-20T00:00:00Z,97.441800,100.132700,97.023900,98.293300,2066364.000000
2020-11-23T00:00:00Z,98.302100,98.652600,98.044600,98.428700,1603323.000000
2020-11-24T00:00:00Z,98.562800,100.854300,97.748800,99.557300,2159289.000000
2020-11-25T00:00:00Z,100.126100,102.409800,99.532700,100.804600,2213144.000000
2020-11-26T00:00:00Z,101.600900,104.338100,101.301100,103.304700,4159202.000000
2020-11-27T00:00:00Z,103.133200,104.852800,102.721900,103.734000,2333739.000000
2020-11-30T00:00:00Z,102.916300,106.227900,101.262800,104.529200,2979603.000000
2020-12-01T00:00:00Z,103.776100,105.033600,102.094400,102.521900,2728358.000000
2020-12-02T00:00:00Z,102.824700,102.832500,100.232700,100.848900,3138503.000000
2020-12-03T00:00:00Z,100.443600,103.017400,99.680500,102.244200,1789360.000000
2020-12-04T00:00:00Z,101.881200,103.202700,100.982100,102.929800,2625653.000000
2020-12-07T00:00:00Z,103.335000,105.876700,100.611100,101.411000,4671257.000000
2020-12-08T00:00:00Z,101.105400,101.697200,99.311600,99.449500,4041666.000000
2020-12-09T00:00:00Z,99.621500,100.217300,97.922400,98.752100,3323546.000000
2020-12-10T00:00:00Z,99.206600,100.663000,96.921900,98.574300,2743604.000000
2020-12-11T00:00:00Z,98.628200,99.438900,96.940000,98.627500,2308025.000000
2020-12-14T00:00:00Z,98.933300,99.238400,97.451800,97.822400,3704343.000000
2020-12-15T00:00:00Z,98.370600,98.570800,95.914300,96.060700,3297854.000000
2020-12-16T00:00:00Z,96.293800,97.438700,94.505400,95.134800,4134954.000000
2020-12-17T00:00:00Z,94.833500,97.346700,94.794400,97.318600,2493741.000000
2020-12-18T00:00:00Z,97.517500,99.221500,93.471700,96.077800,4210181.000000
2020-12-21T00:00:00Z,96.451500,98.374800,94.543800,98.309100,2172958.000000
2020-12-22T00:00:00Z,98.187000,100.978900,96.534100,98.009100,2560385.000000
2020-12-23T00:00:00Z,97.833900,101.144100,97.471100,101.073600,2241724.000000
2020-12-24T00:00:00Z,100.348400,103.429100,99.144600,102.946600,5674359.000000
2020-12-25T00:00:00Z,103.410200,105.618700,102.601500,103.854300,2346763.000000
2020-12-28T00:00:00Z,103.942900,105.073000,101.171600,102.782400,3881837.000000
2020-12-29T00:00:00Z,102.382900,103.311300,101.395200,102.037500,2316193.000000
2020-12-30T00:00:00Z,101.411800,103.277700,100.457000,102.047500,2655017.000000
2020-12-31T00:00:00Z,101.625200,102.647100,99.832300,100.891000,2632496.000000
2021-01-01T00:00:00Z,100.411300,102.668100,100.019300,101.491000,4103442.000000
2021-01-04T00:00:00Z,101.090000,102.706000,100.125000,102.043400,3348628.000000
2021-01-05T00:00:00Z,101.269300,101.754700,99.209600,100.894000,2179979.000000
2021-01-06T00:00:00Z,100.869200,103.048100,98.983500,102.638200,2657274.000000
2021-01-07T00:00:00Z,101.985000,103.755000,101.013600,103.365100,2365808.000000
2021-01-08T00:00:00Z,102.209800,104.205800,101.012500,102.603500,2312900.000000
2021-01-11T00:00:00Z,102.692600,104.278100,101.405300,103.603400,3042740.000000
2021-01-12T00:00:00Z,104.208400,104.534300,102.318800,102.733800,2838500.000000
2021-01-13T00:00:00Z,102.726000,102.803900,101.603600,102.567300,3545937.000000
2021-01-14T00:00:00Z,102.488700,102.937000,100.191900,101.095200,4596508.000000
2021-01-15T00:00:00Z,101.526700,101.619700,97.746500,98.542700,3372473.000000
2021-01-18T00:00:00Z,98.525600,100.461300,97.077100,98.603800,3747762.000000
2021-01-19T00:00:00Z,98.636300,99.329900,97.226700,97.390400,3647100.000000
2021-01-20T00:00:00Z,97.101000,98.557300,96.508500,97.669600,2070377.000000
2021-01-21T00:00:00Z,96.712400,98.915200,96.595500,97.770400,2713224.000000
2021-01-22T00:00:00Z,96.810400,98.613900,95.645300,97.857900,3397877.000000
2021-01-25T00:00:00Z,97.152400,99.266100,96.199500,97.818700,2157683.000000
2021-01-26T00:00:00Z,97.517700,97.596100,94.567100,94.959900,2209220.000000
2021-01-27T00:00:00Z,94.398100,96.638300,91.539400,96.381400,1982253.000000
2021-01-28T00:00:00Z,96.501300,96.971900,95.983700,96.603700,4705797.000000
2021-01-29T00:00:00Z,96.665100,96.991300,96.605300,96.944900,3242153.000000
2021-02-01T00:00:00Z,96.763900,96.986900,94.472700,95.318200,2528788.000000
2021-02-02T00:00:00Z,95.466400,96.499800,93.039500,94.754900,4786931.000000
2021-02-03T00:00:00Z,95.060300,95.491900,93.175600,94.124900,2253590.000000
2021-02-04T00:00:00Z,93.474500,94.049700,91.441400,92.584200,2258074.000000
2021-02-05T00:00:00Z,93.421100,93.732900,91.507300,92.047200,3651502.000000
2021-02-08T00:00:00Z,92.473400,92.838800,89.905200,91.170000,3711509.000000
2021-02-09T00:00:00Z,90.765800,95.312300,90.615600,92.735100,1887593.000000
2021-02-10T00:00:00Z,93.253200,94.677000,92.608000,93.971300,2527915.000000
2021-02-11T00:00:00Z,93.745200,96.620100,93.385300,96.299400,2525755.000000
2021-02-12T00:00:00Z,96.361000,96.901300,95.277900,96.230400,2184619.000000
2021-02-15T00:00:00Z,96.872300,97.021400,95.541600,95.550700,3980302.000000
2021-02-16T00:00:00Z,95.651900,96.550400,94.360000,96.451100,5973828.000000
2021-02-17T00:00:00Z,95.822300,96.462600,95.814300,95.911300,2745365.000000
2021-02-18T00:00:00Z,95.582100,99.725200,94.332500,98.421000,3664843.000000
2021-02-19T00:00:00Z,98.946100,101.452800,98.492500,100.497900,3365739.000000
2021-02-22T00:00:00Z,100.788000,101.251700,98.786300,100.343600,1729820.000000
2021-02-23T00:00:00Z,99.979700,101.331300,98.669300,98.926900,3290909.000000
2021-02-24T00:00:00Z,98.368600,101.677600,96.764900,101.014400,3332889.000000
2021-02-25T00:00:00Z,99.988900,104.349500,99.459100,102.515300,3021480.000000
2021-02-26T00:00:00Z,101.969100,104.163600,101.071200,104.071100,3618930.000000
2021-03-01T00:00:00Z,104.946800,105.859500,101.299200,104.048100,4629178.000000
2021-03-02T00:00:00Z,104.308500,105.594700,103.228600,103.315600,1867150.000000
2021-03-03T00:00:00Z,103.927700,103.938900,101.761500,101.820300,2265592.000000
2021-03-04T00:00:00Z,101.527100,103.339600,101.353300,101.868900,2348563.000000
2021-03-05T00:00:00Z,101.290800,102.881900,100.206200,102.444600,2693280.000000
2021-03-08T00:00:00Z,101.666000,103.292700,100.853000,102.796400,2984830.000000
2021-03-09T00:00:00Z,102.373300,104.192800,100.545000,101.635400,2990570.000000
2021-03-10T00:00:00Z,100.876200,103.653200,100.087400,103.558200,2873642.000000
2021-03-11T00:00:00Z,103.597500,107.612500,103.539000,107.430400,2850471.000000
2021-03-12T00:00:00Z,107.000300,107.447900,105.298400,105.403500,3082259.000000
2021-03-15T00:00:00Z,105.570900,106.996900,104.636500,105.818100,2681366.000000
2021-03-16T00:00:00Z,106.100200,106.636700,104.287600,106.618000,4452808.000000
2021-03-17T00:00:00Z,106.921300,107.519900,105.388600,106.425500,4999649.000000
2021-03-18T00:00:00Z,106.942200,107.034100,103.953900,104.407200,5585474.000000
2021-03-19T00:00:00Z,104.553100,105.202200,103.260700,104.767400,3364181.000000
2021-03-22T00:00:00Z,105.054100,107.824700,104.348500,106.891700,9193174.000000
2021-03-23T00:00:00Z,106.888700,107.726800,105.613300,107.088700,2913244.000000
2021-03-24T00:00:00Z,107.021800,107.984800,103.444100,106.130300,3654063.000000
2021-03-25T00:00:00Z,106.555300,107.231600,102.707700,104.929600,2527049.000000
2021-03-26T00:00:00Z,104.333100,105.697600,100.379400,102.176400,4284352.000000
2021-03-29T00:00:00Z,102.254600,102.853800,101.589200,101.789700,7363925.000000
2021-03-30T00:00:00Z,100.668700,102.301500,99.573900,99.591300,2846715.000000
2021-03-31T00:00:00Z,99.125200,100.896000,98.901200,100.840600,1990364.000000
2021-04-01T00:00:00Z,102.006100,102.076800,100.222800,101.932600,4291653.000000
2021-04-02T00:00:00Z,101.793800,102.367200,99.359300,99.820100,2770597.000000
2021-04-05T00:00:00Z,99.984900,100.234100,98.464400,98.671500,3157195.000000
2021-04-06T00:00:00Z,98.998200,100.806600,96.484900,97.012900,4202059.000000
2021-04-07T00:00:00Z,97.244400,97.536900,96.685900,97.135600,3760597.000000
2021-04-08T00:00:00Z,97.228400,97.594400,95.570700,97.007400,4413735.000000
2021-04-09T00:00:00Z,97.263500,100.107900,97.005900,98.798700,4693940.000000
2021-04-12T00:00:00Z,98.910600,98.949700,98.576900,98.642900,2845164.000000
2021-04-13T00:00:00Z,99.069700,102.261400,97.954100,101.003000,3792451.000000
2021-04-14T00:00:00Z,100.451400,103.301200,100.097300,102.375600,2244757.000000
2021-04-15T00:00:00Z,102.227000,102.629600,100.746200,101.904300,4981221.000000
2021-04-16T00:00:00Z,102.011400,102.915600,100.516700,100.517100,2083362.000000
2021-04-19T00:00:00Z,100.387000,105.420200,99.594000,103.557400,2311308.000000
2021-04-20T00:00:00Z,104.146200,107.316100,103.815100,105.993000,3976992.000000
2021-04-21T00:00:00Z,106.043000,106.947600,104.642800,104.936500,1585520.000000
2021-04-22T00:00:00Z,104.932900,105.773500,102.358800,103.420200,2472140.000000
2021-04-23T00:00:00Z,102.601100,103.441900,102.032900,102.316300,2209254.000000
2021-04-26T00:00:00Z,102.392500,103.169700,101.755000,102.586000,2677259.000000
2021-04-27T00:00:00Z,102.605100,105.631700,100.981900,104.480200,2546219.000000
2021-04-28T00:00:00Z,104.277700,104.832800,102.862300,103.752700,2260779.000000
2021-04-29T00:00:00Z,103.162500,104.537700,101.579300,103.138400,3970955.000000
2021-04-30T00:00:00Z,102.838600,104.388600,101.702000,102.004600,3502478.000000
2021-05-03T00:00:00Z,101.894500,104.857100,99.700800,102.823400,4793377.000000
2021-05-04T00:00:00Z,103.145400,104.510600,102.065300,102.640300,2497115.000000
2021-05-05T00:00:00Z,102.102300,102.939500,100.563100,101.460500,3330567.000000
2021-05-06T00:00:00Z,101.894100,102.542900,100.170900,101.038400,3448786.000000
2021-05-07T00:00:00Z,101.199500,102.281000,100.043000,100.579500,2798984.000000
2021-05-10T00:00:00Z,101.203100,102.155400,98.579900,99.092500,2602315.000000
2021-05-11T00:00:00Z,99.651100,101.551700,97.543800,98.687400,3282481.000000
2021-05-12T00:00:00Z,98.965800,99.095000,97.890900,98.561700,2341007.000000
2021-05-13T00:00:00Z,99.036300,100.980000,98.653400,99.264200,4484539.000000
2021-05-14T00:00:00Z,99.645300,99.821500,97.752100,99.081200,4682364.000000
2021-05-17T00:00:00Z,98.473900,100.312600,97.811900,99.846900,2867646.000000
2021-05-18T00:00:00Z,99.554400,104.376900,98.406000,102.647000,3242353.000000
2021-05-19T00:00:00Z,102.173600,103.489000,100.449900,102.773500,3524686.000000
2021-05-20T00:00:00Z,102.213700,103.896100,100.864800,103.789800,2689759.000000
2021-05-21T00:00:00Z,104.108900,104.664600,102.041400,102.746500,3102981.000000
2021-05-24T00:00:00Z,103.626200,103.893500,102.257700,103.141500,1347585.000000
2021-05-25T00:00:00Z,104.023900,104.993400,101.693500,104.504100,3861331.000000
2021-05-26T00:00:00Z,104.911400,106.881700,102.469000,105.728200,2661064.000000
2021-05-27T00:00:00Z,105.961900,106.410800,104.128400,105.952400,3016001.000000
2021-05-28T00:00:00Z,106.404400,107.483800,105.827100,106.104400,2329762.000000
2021-05-31T00:00:00Z,106.721600,107.271000,104.760400,105.300200,4865486.000000
2021-06-01T00:00:00Z,105.167500,107.763600,104.321900,107.729000,2851075.000000
2021-06-02T00:00:00Z,108.185700,109.314000,108.146000,109.188000,2890353.000000
2021-06-03T00:00:00Z,109.530400,110.628900,106.884900,107.317600,2212773.000000
2021-06-04T00:00:00Z,108.152600,108.872700,107.934900,108.092000,2501024.000000
2021-06-07T00:00:00Z,107.303500,107.986500,106.947700,107.539700,2026525.000000
2021-06-08T00:00:00Z,106.998300,109.594900,106.064100,109.149900,4178611.000000
2021-06-09T00:00:00Z,109.142600,110.669200,106.834700,110.303200,5056999.000000
2021-06-10T00:00:00Z,110.129000,110.718700,109.207400,109.974100,2254277.000000
2021-06-11T00:00:00Z,109.546500,109.840300,107.127400,107.237200,2506809.000000
2021-06-14T00:00:00Z,106.676100,108.847500,105.637100,108.809400,4229004.000000
2021-06-15T00:00:00Z,107.604800,107.955100,106.660000,107.539600,3583183.000000
2021-06-16T00:00:00Z,107.192000,108.147000,105.940900,108.115900,2805855.000000
2021-06-17T00:00:00Z,108.044000,108.521900,105.528300,107.846500,3127481.000000
2021-06-18T00:00:00Z,107.499900,107.597300,106.228500,106.777200,2922712.000000
2021-06-21T00:00:00Z,106.663500,108.572400,106.069200,107.842600,5771475.000000
2021-06-22T00:00:00Z,108.491200,110.414500,107.583300,109.376100,2215838.000000
2021-06-23T00:00:00Z,109.455600,109.656700,107.540100,108.676300,4082851.000000
2021-06-24T00:00:00Z,108.463000,110.878000,106.877100,109.778400,3368456.000000
2021-06-25T00:00:00Z,109.358900,109.501800,107.689100,108.372500,2885994.000000
2021-06-28T00:00:00Z,107.721000,112.796000,107.346000,111.773400,2331740.000000
2021-06-29T00:00:00Z,112.093500,112.185100,110.472000,111.293700,3021782.000000
2021-06-30T00:00:00Z,111.567800,112.631600,109.543500,110.716600,1916460.000000
2021-07-01T00:00:00Z,110.860700,111.356100,106.408900,107.059000,4450749.000000
2021-07-02T00:00:00Z,107.880600,109.050200,105.456600,105.657200,4037209.000000
2021-07-05T00:00:00Z,105.734400,109.224000,103.925400,107.158700,2443539.000000
2021-07-06T00:00:00Z,107.428200,107.990800,106.649500,107.148000,1894153.000000
2021-07-07T00:00:00Z,106.655300,109.560500,106.305100,108.465400,7344785.000000
2021-07-08T00:00:00Z,108.086000,108.591400,105.877400,106.271100,2948439.000000
2021-07-09T00:00:00Z,106.745400,108.610300,105.265100,106.125700,2648828.000000
2021-07-12T00:00:00Z,106.575500,107.764200,104.873500,106.808600,3058981.000000
2021-07-13T00:00:00Z,106.877300,109.743800,105.218500,109.302700,2046212.000000
2021-07-14T00:00:00Z,108.920100,112.283200,108.460000,108.883400,5808340.000000
2021-07-15T00:00:00Z,109.275200,109.887600,106.383400,106.947000,1977812.000000
2021-07-16T00:00:00Z,106.197000,106.702900,105.134800,105.678600,3298872.000000
2021-07-19T00:00:00Z,104.869500,108.235200,104.682500,108.010400,2452217.000000
2021-07-20T00:00:00Z,108.928200,110.192500,107.129300,109.751700,3176459.000000
2021-07-21T00:00:00Z,109.143700,111.531400,107.231500,111.119000,3300439.000000
2021-07-22T00:00:00Z,110.930300,111.524900,108.747600,109.126900,3213786.000000
2021-07-23T00:00:00Z,107.897600,110.516900,106.735900,108.981900,2600894.000000
2021-07-26T00:00:00Z,109.204800,109.810100,108.234900,109.278800,1997572.000000
2021-07-27T00:00:00Z,108.878900,111.882200,108.071200,111.103500,2307252.000000
2021-07-28T00:00:00Z,110.854600,111.720100,110.291500,110.886100,2776632.000000
2021-07-29T00:00:00Z,111.976000,112.203400,110.750100,112.007900,2823083.000000
2021-07-30T00:00:00Z,112.126100,113.926000,109.235100,110.194600,1427823.000000
2021-08-02T00:00:00Z,109.434100,110.334400,108.055900,108.838100,7259834.000000
2021-08-03T00:00:00Z,108.537600,108.784300,108.178900,108.471500,2368509.000000
2021-08-04T00:00:00Z,107.338600,107.899200,104.844700,105.095200,3573583.000000
2021-08-05T00:00:00Z,104.617100,105.353400,101.568500,103.397000,4931232.000000
2021-08-06T00:00:00Z,103.330700,104.273500,100.467300,100.658000,1652237.000000
2021-08-09T00:00:00Z,101.552900,103.183600,98.508400,99.123600,2119554.000000
2021-08-10T00:00:00Z,99.632200,99.723900,98.198800,98.214400,1934074.000000
